epoch,window,global_step,reward,avg_profit,vol_term,noise_l2,alloc_spread,q_value,target_q,critic_loss,actor_loss,buffer_len
1,0,0,-0.008763693273067474,0.0006007336196489632,-0.00936442706733942,0.8166176080703735,0.1551082730293274,0.44709521532058716,-0.004400791134685278,0.20384864509105682,-0.4551291763782501,1
1,1,1,-0.011615576222538948,-0.0004993300535716116,-0.01111624576151371,0.3928026258945465,0.4738010764122009,0.44634369015693665,-0.0044086105190217495,0.20317763090133667,-0.45495790243148804,2
1,2,2,-0.003314701374620199,0.001097027212381363,-0.004411728587001562,0.4266555905342102,0.3337208330631256,0.4477817416191101,0.001084628514945507,0.19953832030296326,-0.4633875787258148,3
1,3,3,-0.012478889897465706,-0.00047920868382789195,-0.01199968159198761,0.46144506335258484,0.7150441408157349,0.45855656266212463,-0.007054968737065792,0.21679408848285675,-0.4402802586555481,4
1,4,4,-0.00707416795194149,0.0005951860221102834,-0.007669353857636452,0.4013212025165558,0.538122296333313,0.4502165615558624,-0.008003991097211838,0.20996606349945068,-0.44487378001213074,5
1,5,5,-0.005906571634113789,0.0029862283263355494,-0.008892799727618694,0.42091748118400574,0.3003147542476654,0.44947484135627747,-0.008011910133063793,0.2092941254377365,-0.44421496987342834,6
1,6,6,-0.004438943229615688,0.0038460828363895416,-0.00828502606600523,0.5141656398773193,0.7600504755973816,0.44474348425865173,0.0010577267967164516,0.19685706496238708,-0.46028244495391846,7
1,7,7,-0.015081172809004784,-0.003953236620873213,-0.011127935722470284,0.46584460139274597,0.2421945482492447,0.48606371879577637,-0.001528874970972538,0.23774655163288116,-0.4468895196914673,8
1,8,8,-0.011150296777486801,-0.0030435603111982346,-0.008106736466288567,0.3338070809841156,0.41206344962120056,0.4509776830673218,-0.010553472675383091,0.2130110114812851,-0.4487249255180359,9
1,9,9,-0.03073163889348507,0.007940897718071938,-0.03867253661155701,0.631853461265564,1.27695631980896,0.46819961071014404,-0.006802128627896309,0.22562666237354279,-0.4585254192352295,10
1,10,10,-0.0033136741258203983,0.003948245197534561,-0.0072619193233549595,0.40963467955589294,0.2739090919494629,0.48385515809059143,-0.001548792701214552,0.235616996884346,-0.44545233249664307,11
1,11,11,-0.028047878295183182,-0.012104625813663006,-0.01594325341284275,0.25749441981315613,0.8395491242408752,0.44098323583602905,0.001026177778840065,0.19356220960617065,-0.4563307464122772,12
1,12,12,-0.013869259506464005,-0.002099113306030631,-0.01177014596760273,0.3714389503002167,0.20711161196231842,0.46602964401245117,-0.006823371164500713,0.2235899716615677,-0.45618218183517456,13
2,0,13,-0.0034780458081513643,0.0006576411542482674,-0.004135686904191971,0.7060490250587463,0.15801185369491577,0.45293429493904114,0.0010103397071361542,0.2042352706193924,-0.4447545111179352,14
2,1,14,-0.0064796325750648975,-0.0004608677700161934,-0.006018764805048704,0.19430072605609894,0.47417593002319336,0.4440755248069763,-0.00964699313044548,0.20586411654949188,-0.44783374667167664,15
2,2,15,-0.006425152532756329,0.0029102873522788286,-0.009335439652204514,0.31821924448013306,0.3328622877597809,0.44216349720954895,-0.008089352399110794,0.20272764563560486,-0.43761909008026123,16
2,3,16,-0.013888242654502392,-0.0012720158556476235,-0.012616226449608803,0.40700268745422363,0.7116007804870605,0.44896411895751953,-0.007154750172048807,0.20804443955421448,-0.431159645318985,17
2,4,17,-0.005112292245030403,0.0014230658998712897,-0.006535358261317015,0.4785909652709961,0.538722813129425,0.44713374972343445,-0.0007576229982078075,0.20060668885707855,-0.4436771869659424,18
2,5,18,-0.0003303610719740391,0.004711926449090242,-0.0050422875210642815,0.5345043540000916,0.2962817847728729,0.4475221335887909,-0.0021317354403436184,0.20218859612941742,-0.4509393274784088,19
2,6,19,-0.015064531937241554,0.0020404462702572346,-0.0171049777418375,0.3658575713634491,0.7614574432373047,0.4391933083534241,-0.00811784341931343,0.2000872790813446,-0.4348098337650299,20
2,7,20,-0.01639329083263874,-0.003878344316035509,-0.012514946050941944,0.6039652228355408,0.24178223311901093,0.4481697678565979,0.0009616091847419739,0.19999514520168304,-0.44027188420295715,21
2,8,21,-0.017987392842769623,-0.004865644499659538,-0.013121748343110085,0.4360017776489258,0.41161635518074036,0.44530564546585083,-0.007192905526608229,0.20475494861602783,-0.427650511264801,22
2,9,22,-0.02815667912364006,0.006923951208591461,-0.03508063033223152,0.4258839786052704,1.2799618244171143,0.4328799843788147,0.0009528216905891895,0.18656107783317566,-0.4478423297405243,23
2,10,23,0.004506384022533894,0.010412785224616528,-0.005906401202082634,0.43180760741233826,0.2746272087097168,0.4384499192237854,-0.010747009888291359,0.2017778903245926,-0.43328869342803955,24
2,11,24,-0.03139576315879822,-0.014641538262367249,-0.01675422303378582,0.2719569206237793,0.8339429497718811,0.47407543659210205,-0.0016403459012508392,0.2263055145740509,-0.43740299344062805,25
2,12,25,-0.00988041888922453,0.0003520257887430489,-0.010232444852590561,0.39127030968666077,0.2066333293914795,0.4392150640487671,-0.0001344522461295128,0.19302798807621002,-0.4323144257068634,26
3,0,26,-0.005331054329872131,0.002599989762529731,-0.007931044325232506,0.34071677923202515,0.15486231446266174,0.4324062168598175,-0.02706471085548401,0.21111352741718292,-0.4294351041316986,27
3,1,27,-0.008400794118642807,-0.0008468606392852962,-0.007553933188319206,0.1805844008922577,0.474458783864975,0.43780994415283203,-0.0001481287181377411,0.19180727005004883,-0.43114951252937317,28
3,2,28,-0.009226211346685886,0.001339192152954638,-0.01056540384888649,0.38028377294540405,0.32851338386535645,0.4264524281024933,-0.004593196325004101,0.18580032885074615,-0.4368494749069214,29
3,3,29,-0.01345359068363905,-0.0027079088613390923,-0.010745681822299957,0.4853893518447876,0.7130178809165955,0.437950998544693,-0.009606540203094482,0.20030775666236877,-0.42861616611480713,30
3,4,30,-0.012697175145149231,0.0011029290035367012,-0.013800104148685932,0.6308038234710693,0.5454599261283875,0.4185371994972229,-0.0011742967180907726,0.17615774273872375,-0.43626660108566284,31
3,5,31,-0.002720529679208994,0.002294823992997408,-0.005015353672206402,0.43703436851501465,0.2921304702758789,0.41938406229019165,-0.004053042270243168,0.179298996925354,-0.42103686928749084,32
3,6,32,-0.0072718472220003605,0.006544181611388922,-0.013816028833389282,0.4337039589881897,0.775132954120636,0.4300099313259125,-0.005017875228077173,0.189249187707901,-0.4402977526187897,33
3,7,33,-0.01013644877821207,-0.0019924191292375326,-0.008144029416143894,0.3647889792919159,0.2410314828157425,0.42768406867980957,-0.027110103517770767,0.2068377286195755,-0.4248846173286438,34
3,8,34,-0.02812051959335804,-0.009207388386130333,-0.018913131207227707,0.44034209847450256,0.42633742094039917,0.42760932445526123,-0.0058044851757586,0.18784752488136292,-0.4305607080459595,35
3,9,35,-0.02580679953098297,0.0060111284255981445,-0.031817927956581116,0.3741952180862427,1.3594515323638916,0.4501792788505554,-0.006981999147683382,0.20899643003940582,-0.43871694803237915,36
3,10,36,0.0031832284294068813,0.007495157420635223,-0.004311928991228342,0.3027232587337494,0.2830188572406769,0.42456626892089844,-0.02156149595975876,0.19902998208999634,-0.422048419713974,37
3,11,37,-0.03851946443319321,-0.016404489055275917,-0.02211497537791729,0.44313758611679077,0.8423301577568054,0.43394744396209717,-0.00731060141697526,0.1947086602449417,-0.4170010983943939,38
3,12,38,-0.011016256175935268,7.431023050230579e-07,-0.011016999371349812,0.1588009148836136,0.21202309429645538,0.4255880117416382,-0.034268297255039215,0.21146781742572784,-0.421481728553772,39
4,0,39,-0.006998672150075436,0.0036682940553873777,-0.010666966438293457,0.36022889614105225,0.15840235352516174,0.42201170325279236,-0.02650889754295349,0.20117072761058807,-0.4198785424232483,40
4,1,40,-0.012284793891012669,-0.00041346941725350916,-0.011871324852108955,0.4229362905025482,0.4765697419643402,0.42413944005966187,-0.034282565116882324,0.21015073359012604,-0.42009416222572327,41
4,2,41,-0.004584121517837048,0.0030301993247121572,-0.007614320609718561,0.3757728934288025,0.3327118456363678,0.4091724753379822,0.007318318821489811,0.16148675978183746,-0.4268867075443268,42
4,3,42,-0.015457270666956902,-0.0009636863833293319,-0.014493584632873535,0.3701167702674866,0.7248311042785645,0.4203192889690399,-0.023939665406942368,0.19736602902412415,-0.4177740812301636,43
4,4,43,-0.009025857783854008,0.0011965970043092966,-0.01022245455533266,0.2883479595184326,0.5461171269416809,0.41914984583854675,-0.026521731168031693,0.1986231654882431,-0.4170604348182678,44
4,5,44,-0.0005626380443572998,0.00480505358427763,-0.00536769162863493,0.3802224397659302,0.2909093201160431,0.42518743872642517,-0.010821722447872162,0.19010399281978607,-0.42337965965270996,45
4,6,45,-0.008505964651703835,0.002310627605766058,-0.01081659272313118,0.4254498779773712,0.7874348163604736,0.41425883769989014,-0.004705963656306267,0.1755315065383911,-0.4272254407405853,46
4,7,46,-0.006753948517143726,-0.0008957480895332992,-0.00585820060223341,0.536910355091095,0.2421296089887619,0.41872599720954895,-0.008498101495206356,0.18252043426036835,-0.42150384187698364,47
4,8,47,-0.028293780982494354,-0.009904541075229645,-0.01838923990726471,0.4617287218570709,0.4277922511100769,0.41807085275650024,-0.027204623445868492,0.1982702612876892,-0.41543009877204895,48
4,9,48,-0.026718446984887123,0.0067084007896482944,-0.03342684730887413,0.5792385935783386,1.3891164064407349,0.4174385964870453,-0.022544121369719505,0.19358478486537933,-0.413625031709671,49
4,10,49,0.0027479506097733974,0.005815631709992886,-0.003067681100219488,0.39322027564048767,0.28769451379776,0.42306405305862427,-0.006996827200055122,0.18495237827301025,-0.423737496137619,50
4,11,50,-0.03329822048544884,-0.013501626439392567,-0.019796594977378845,0.4870912730693817,0.8509595394134521,0.4135074019432068,0.003543656785041094,0.16807028651237488,-0.4233470559120178,51
4,12,51,-0.008444935083389282,-0.0001700730063021183,-0.008274861611425877,0.30677297711372375,0.2154727727174759,0.4138309955596924,0.003773784264922142,0.16814692318439484,-0.4238327145576477,52
5,0,52,-0.00470132939517498,0.0023949735332280397,-0.007096302695572376,0.3131118416786194,0.15833988785743713,0.4552609920501709,-0.0018043871968984604,0.20890875160694122,-0.4242870509624481,53
5,1,53,-0.006496379151940346,-0.0005759880878031254,-0.00592039106413722,0.14054077863693237,0.48163291811943054,0.4170640707015991,-0.00984133593738079,0.18224821984767914,-0.42187929153442383,54
5,2,54,-0.004837505053728819,0.0003114018472842872,-0.005148906726390123,0.4578280448913574,0.32686010003089905,0.4042668640613556,-0.004223221447318792,0.16686415672302246,-0.4063362777233124,55
5,3,55,-0.016079634428024292,-0.001628431142307818,-0.014451202936470509,0.4979516565799713,0.7383670210838318,0.40368393063545227,-0.004229987505823374,0.16639377176761627,-0.4058629870414734,56
5,4,56,-0.007637843955308199,0.0007318972493521869,-0.008369741030037403,0.3273387849330902,0.5534057021141052,0.4121905565261841,-0.027252770960330963,0.19311043620109558,-0.4095739722251892,57
5,5,57,-0.00788648147135973,-0.000620021834038198,-0.00726645952090621,0.5330100655555725,0.28284943103790283,0.40062567591667175,-0.0013412628322839737,0.16157741844654083,-0.4218533933162689,58
5,6,58,-0.0072488863952457905,0.004535228479653597,-0.011784114874899387,0.4358566403388977,0.8276216983795166,0.4156644940376282,-0.010928420349955559,0.18198151886463165,-0.41481634974479675,59
5,7,59,-0.009680901654064655,-0.00025578337954357266,-0.009425118565559387,0.7139930725097656,0.24614425003528595,0.47338294982910156,-0.0038161328993737698,0.22771896421909332,-0.4224023222923279,60
5,8,60,-0.012966814450919628,-0.0033077106345444918,-0.00965910404920578,0.31880614161491394,0.4528190791606903,0.42805880308151245,-0.02429044432938099,0.20461983978748322,-0.41932982206344604,61
5,9,61,-0.021045835688710213,0.008092394098639488,-0.0291382297873497,0.2970840632915497,1.5629518032073975,0.4154094159603119,-0.009848473593592644,0.1808442771434784,-0.4098825454711914,62
5,10,62,0.0013249372132122517,0.005297038238495588,-0.003972101025283337,0.5086569786071777,0.3042711317539215,0.3972088396549225,-0.001369238831102848,0.15886448323726654,-0.41994956135749817,63
5,11,63,-0.03046482428908348,-0.012577389366924763,-0.017887433990836143,0.39950332045555115,0.8526612520217896,0.40578094124794006,-0.02402368187904358,0.18473201990127563,-0.4040468633174896,64
5,12,64,-0.006913524586707354,0.0023192823864519596,-0.009232806973159313,0.4353366494178772,0.22992666065692902,0.44731640815734863,-0.0018595140427350998,0.20175901055335999,-0.4211590886116028,65
6,0,65,-0.005289298947900534,0.002786878030747175,-0.008076176978647709,0.405086874961853,0.16116395592689514,0.40019354224205017,-0.002915780059993267,0.1624971181154251,-0.4063713550567627,66
6,1,66,-0.009333178400993347,-0.0002072256029350683,-0.009125952608883381,0.2849511504173279,0.4876708686351776,0.4115369915962219,-0.0007602516561746597,0.16998901963233948,-0.41882285475730896,67
6,2,67,-0.007639927323907614,0.0022972854785621166,-0.00993721280246973,0.3201780617237091,0.3248738944530487,0.4069519639015198,0.00671711890026927,0.16018792986869812,-0.41810160875320435,68
6,3,68,-0.009665660560131073,-0.0001605883298907429,-0.009505072608590126,0.25715214014053345,0.7730356454849243,0.4020483195781708,-0.012318620458245277,0.17169995605945587,-0.40948864817619324,69
6,4,69,-0.012781073339283466,0.0016149168368428946,-0.014395990408957005,0.3141685426235199,0.5639462471008301,0.40265461802482605,-0.00854584388434887,0.1690858155488968,-0.403232604265213,70
6,5,70,-0.005052960943430662,0.003344899509102106,-0.008397860452532768,0.3811556100845337,0.2787986695766449,0.4048420786857605,-0.023959968239068985,0.18387119472026825,-0.4006264805793762,71
6,6,71,-0.005746010225266218,0.007197252009063959,-0.012943262234330177,0.26778164505958557,0.889319121837616,0.4090197682380676,-0.004486667923629284,0.1709875762462616,-0.4078284502029419,72
6,7,72,-0.008288092911243439,-0.0017532669007778168,-0.006534826476126909,0.08749905228614807,0.24330899119377136,0.4084041714668274,-0.004490985535085201,0.17048239707946777,-0.408123254776001,73
6,8,73,-0.017791716381907463,-0.005429899785667658,-0.012361817061901093,0.5940383672714233,0.4643068015575409,0.40229418873786926,-0.00609946483746171,0.1667853742837906,-0.4068484604358673,74
6,9,74,-0.01975376158952713,0.008928947150707245,-0.028682708740234375,0.49816834926605225,1.7909750938415527,0.39495065808296204,-0.013872677460312843,0.1671365201473236,-0.40875178575515747,75
6,10,75,-0.0003352165222167969,0.004853915888816118,-0.005189132411032915,0.45597994327545166,0.32170507311820984,0.41940781474113464,0.0012946082279086113,0.17481864988803864,-0.41876479983329773,76
6,11,76,-0.03012143261730671,-0.013706186786293983,-0.016415245831012726,0.17623291909694672,0.8552371859550476,0.3972776234149933,-0.01690358854830265,0.171546071767807,-0.3963022232055664,77
6,12,77,-0.01173718273639679,-0.0018580937758088112,-0.009879088960587978,0.3699677884578705,0.2330556958913803,0.39791834354400635,-0.02258106879889965,0.17681975662708282,-0.3956640660762787,78
