test,model,seed,profit_pa,sharpe,annualized_return,annualized_volatility,var_5,avg_turnover,tc_adjusted_annual_return,num_test_days,epochs_completed,runtime_seconds,null_p5,null_p95,fold,fold_test
A_multiseed,PennyLane QDPG,68,0.2590046605918084,0.8402280825569075,0.22760241925817937,0.22449458993122443,0.023621796135335667,0.8673422250431031,0.20560280526596042,48.0,25.0,22.607242822647095,,,,
A_multiseed,PennyLane QDPG,1,3.0071933471116443,5.002301873171742,2.8655233000369713,0.2698998692123516,0.018638401576766366,1.8192294728942215,2.720769237397378,48.0,9.0,6.343351125717163,,,,
A_multiseed,PennyLane QDPG,2,0.7335505687021793,2.3646278439166197,0.6943872185558102,0.21524420108224063,0.014744180576914179,0.7934754323214293,0.6664339635085852,48.0,25.0,16.020874977111816,,,,
A_multiseed,PennyLane QDPG,3,1.2535379390700987,4.0192058365824055,1.2127999060109182,0.19208079289845828,0.012725223230477787,0.8889863833901472,1.17203152990106,48.0,25.0,15.136563301086426,,,,
A_multiseed,PennyLane QDPG,4,3.141721911228119,3.7558757247152683,2.8832177589903263,0.36830980329782803,0.015207197967064047,1.0259242518804967,2.8031792650416567,48.0,6.0,7.530938148498535,,,,
A_multiseed,PennyLane QDPG,5,1.2338024245548014,3.345732042741023,1.1774350152521147,0.2281079019529623,0.015098471881115325,0.3043336537666619,1.1636630861279693,48.0,25.0,37.70095205307007,,,,
A_multiseed,PennyLane QDPG,6,1.0455608597968262,3.1947017537015387,1.0010189444285906,0.21125255161520765,0.014814777673807527,0.3915069530485198,0.9846831867418204,48.0,25.0,29.907406091690063,,,,
A_multiseed,PennyLane QDPG,7,1.4873866090696288,3.5971851301170674,1.416631258086627,0.2421564947951098,0.017740895692259707,0.33751971542369574,1.3996660895762165,48.0,25.0,14.827316999435425,,,,
A_multiseed,PennyLane QDPG,8,0.36551955350693976,0.8990541929694815,0.3043811959927203,0.3002350032179605,0.02573856524190866,1.336546591075603,0.26861316237316446,48.0,25.0,13.636178016662598,,,,
A_multiseed,PennyLane QDPG,9,0.2436715737374009,0.7365384340330559,0.20802876218172028,0.23944746000070624,0.01848547945135868,1.1151066460297443,0.18029858411653255,48.0,25.0,14.189602851867676,,,,
A_multiseed,Classical DDPG,68,0.44108424126338575,3.1508236019654365,0.4335212603987364,0.10278598181855776,0.007847176621123577,0.0009362921118736267,0.43349326190281223,48.0,25.0,0.2811851501464844,,,,
A_multiseed,Classical DDPG,1,0.2914287455580573,2.061236815935825,0.2845031767848307,0.10385937868370534,0.009871629986325667,0.0024619372561573982,0.28443714548707244,48.0,25.0,0.2622101306915283,,,,
A_multiseed,Classical DDPG,2,0.419286518621381,3.0549168026387226,0.4120890342825969,0.10101662032892066,0.00785751225865643,0.010660188272595406,0.4117742022153681,48.0,13.0,0.14240407943725586,,,,
A_multiseed,Classical DDPG,3,0.5235758090229115,3.390679673294541,0.51410181401337,0.11195740692788307,0.007622304334734002,6.77257776260376e-06,0.5141015996937084,48.0,25.0,0.26615118980407715,,,,
A_multiseed,Classical DDPG,4,0.8911867310052037,3.5278224370740623,0.8645064385752721,0.16900240407468145,0.011865993631450078,0.016577223315835,0.8638638972803694,48.0,11.0,0.11430597305297852,,,,
A_multiseed,Classical DDPG,5,0.6493259241327478,3.421769457294851,0.634659634533572,0.13415965793530263,0.008879954655396061,0.0051735565066337585,0.6344832184436948,48.0,13.0,0.1325850486755371,,,,
A_multiseed,Classical DDPG,6,0.5291990093199908,3.397962298203863,0.5195465947045883,0.11280345518962413,0.007846346246797302,3.351457417011261e-05,0.5195455318461062,48.0,25.0,0.268779993057251,,,,
A_multiseed,Classical DDPG,7,0.501104036619247,3.2269387202140147,0.49158658523367693,0.11302603672893169,0.008817336701386614,0.0043995678424835205,0.49144951746250776,48.0,25.0,0.2733767032623291,,,,
A_multiseed,Classical DDPG,8,0.516583026669188,3.36878789109872,0.5072591031348892,0.11131712204518242,0.007914172990895618,2.3147091269493103e-05,0.507258373677365,48.0,25.0,0.2618527412414551,,,,
A_multiseed,Classical DDPG,9,0.5268795762618024,3.3863464478482346,0.5172518503441892,0.11274139372350729,0.007892732821002751,0.0003531482070684433,0.5172406685086108,48.0,25.0,0.2603318691253662,,,,
A_multiseed,Equal Weight,-1,0.5217422927810038,3.3841485619814686,0.5123031511338194,0.11181705902244236,0.007782195348455712,0.0,0.5123031511338194,48.0,,,,,,
B_placebo,PennyLane QDPG,68,0.3380131683855727,1.6111870484663706,0.3220789528789474,0.15488824833828127,0.015731979074098946,0.6091041401959956,0.3053968359427388,48.0,25.0,13.987348079681396,,,,
B_placebo,PennyLane QDPG,1,1.1685029383515473,2.7968146325684784,1.0948294012501836,0.26223644776568583,0.01854285894103093,1.3405365080107003,1.0375876290398298,48.0,20.0,10.70838212966919,,,,
B_placebo,PennyLane QDPG,2,0.679752940658505,2.2196059311673135,0.6418893567655652,0.21507447796989193,0.015146582151184659,0.5718335567507893,0.6222943060070061,48.0,25.0,12.511134147644043,,,,
C_random_null,random_policies,-1,,3.040973300072862,,,,,,,,,1.1198046362003264,4.557048682425945,,
D_untrained,Untrained QNN actor,0,0.382104315539856,1.148614071664304,0.3411612921442839,0.24552629654871416,0.016098118082185718,0.8848073063418269,0.31671356965616315,48.0,,,,,,
D_untrained,Untrained QNN actor,1,0.7734619350935954,2.3553360164098756,0.7292260695346946,0.22577886202748057,0.017695545881537152,1.470187979284674,0.676495319915948,48.0,,,,,,
D_untrained,Untrained QNN actor,2,0.6535706163136115,2.26996639023479,0.6200027866238937,0.20336818417160807,0.014343896481066118,0.8946897583082318,0.5899468041723446,48.0,,,,,,
D_untrained,Untrained QNN actor,3,1.4290168109455754,3.410705274557153,1.356436255684288,0.2484092762529073,0.015782864576430328,0.6541749426396564,1.324202425924577,48.0,,,,,,
D_untrained,Untrained QNN actor,4,2.8340035054219803,3.8229633389465647,2.626092320772886,0.34154109189568127,0.014072137945557677,0.9668608835781924,2.5553238791700488,48.0,,,,,,
D_untrained,Untrained QNN actor,5,1.1432787241809836,3.417575512284264,1.0969078784855855,0.21117036914472262,0.013120607792526762,0.5218830672092736,1.074324105404083,48.0,,,,,,
D_untrained,Untrained QNN actor,6,1.2503417437508242,3.1927225545810525,1.186921016932835,0.24135778353122747,0.015755027148728243,0.49115226534195244,1.1646484810996203,48.0,,,,,,
D_untrained,Untrained QNN actor,7,1.3976393975238324,3.044290775124213,1.3103452840310972,0.27402225713075173,0.021297899360749325,0.6765740026021376,1.2781079317978188,48.0,,,,,,
D_untrained,Untrained QNN actor,8,1.854200199942297,4.697912486990235,1.789916639293518,0.21481385525431815,0.013808725372804628,0.878135742386803,1.7395092043064602,48.0,,,,,,
D_untrained,Untrained QNN actor,9,0.14906851810049715,0.5233936341061705,0.1294066577569637,0.18569177558039476,0.01930754864957396,0.8353161700069904,0.10975000737119278,48.0,,,,,,
D_untrained,Untrained QNN actor,10,0.8908729763024572,2.011925680107109,0.810624820463109,0.2962556187399471,0.022978929283363,1.009737097658217,0.7725641260740757,48.0,,,,,,
D_untrained,Untrained QNN actor,11,1.0613058697237383,2.605495915641734,0.9928370931091794,0.26197644917096896,0.020563481191712335,0.8331354977563024,0.9584627437375943,48.0,,,,,,
D_untrained,Untrained QNN actor,12,2.2360048321170853,5.665854059661842,2.172771153074242,0.2003721637856562,0.01048172499943282,1.575586762279272,2.0710322618741777,48.0,,,,,,
D_untrained,Untrained QNN actor,13,0.784981970786913,2.234951256780581,0.7346840844511051,0.2408440450996737,0.0150187033082034,0.5343702659010887,0.7153767441095029,48.0,,,,,,
D_untrained,Untrained QNN actor,14,1.4700864909908997,2.910172732686777,1.3655523883263068,0.29691611662428324,0.02164851615304605,1.4993487996980548,1.2942434174785915,48.0,,,,,,
D_untrained,Untrained QNN actor,15,0.7312864033637725,3.3629511053134564,0.7118202356780388,0.15095745466269814,0.012735738719853725,0.43067159317433834,0.6964189561250973,48.0,,,,,,
D_untrained,Untrained QNN actor,16,-0.04040334692474801,-0.37004750305514716,-0.06464925900018437,0.22440044454935443,0.0236680685697805,1.1732169864699244,-0.08759270713166445,48.0,,,,,,
D_untrained,Untrained QNN actor,17,0.8810774057878004,3.218203438484261,0.850126993363685,0.1835922343937481,0.011471511658030367,0.4145791935734451,0.8342775140581002,48.0,,,,,,
D_untrained,Untrained QNN actor,18,0.8798777151900379,3.46843443992387,0.8532736941577772,0.17016252523984554,0.010058305572818114,0.3075745217502117,0.8414029824011644,48.0,,,,,,
D_untrained,Untrained QNN actor,19,1.223940403653665,3.629506204120374,1.1764910526778252,0.20905023248303803,0.01153769573883949,0.48751532268943265,1.1544381999654805,48.0,,,,,,
E_walkforward,Equal Weight,-1,0.3286473445288729,3.5704331485425245,0.32558856154884985,0.06792489798887917,0.005394321979451394,0.0,0.32558856154884985,48.0,,,,,0.0,2016-11-16..2017-01-26
E_walkforward,PennyLane QDPG,68,-0.1525602772185629,-1.343170073186043,-0.16261014291666342,0.15432228460722808,0.015550206943144093,0.9159357472090051,-0.1786639119782779,48.0,25.0,13.659572839736938,,,0.0,2016-11-16..2017-01-26
E_walkforward,Classical DDPG,68,,,,,,0.0,,48.0,2.0,0.26285314559936523,,,0.0,2016-11-16..2017-01-26
E_walkforward,Equal Weight,-1,0.2643539333114726,2.6425280866616294,0.2610005591285547,0.0729870014694196,0.005277231233551205,0.0,0.2610005591285547,48.0,,,,,1.0,2017-10-31..2018-01-09
E_walkforward,PennyLane QDPG,68,0.5090885542146091,4.29755370766182,0.5035178896782357,0.08610517209019093,0.008394815215509834,0.8014464891748503,0.4784635816055671,48.0,25.0,13.41714096069336,,,1.0,2017-10-31..2018-01-09
E_walkforward,Classical DDPG,68,0.2858203812345743,2.921725482109478,0.2825199390524855,0.07178021758062393,0.004760259433143496,0.0033169202506542206,0.28243033941771056,48.0,25.0,0.26352810859680176,,,1.0,2017-10-31..2018-01-09
E_walkforward,Equal Weight,-1,-0.5594085829829862,-4.56335964613072,-0.5672191347513422,0.1884807317949867,0.02319492156936242,0.0,-0.5672191347513422,48.0,,,,,2.0,2018-10-15..2018-12-21
E_walkforward,PennyLane QDPG,68,-0.364178706922862,-2.233872041044124,-0.37963407502741,0.22124404751081872,0.026712618707049628,1.051321100909263,-0.3932051500642416,48.0,25.0,13.279793977737427,,,2.0,2018-10-15..2018-12-21
E_walkforward,Classical DDPG,68,-0.5587947760495405,-4.562068811167748,-0.5665954920894547,0.18822988965018744,0.023172199850042294,8.009374141693115e-08,-0.5665954928247583,48.0,7.0,0.06951498985290527,,,2.0,2018-10-15..2018-12-21
E_walkforward,Equal Weight,-1,0.4651898113096584,4.159928928858434,0.4603082441751012,0.08184611876263521,0.006435002264885315,0.0,0.4603082441751012,48.0,,,,,3.0,2019-09-30..2019-12-05
E_walkforward,PennyLane QDPG,68,0.2817336045581349,1.6234809521851814,0.2714317201179579,0.1272177906708552,0.011736823979353285,0.7185205728746951,0.2523606009857129,48.0,25.0,12.625318050384521,,,3.0,2019-09-30..2019-12-05
E_walkforward,Classical DDPG,68,0.5641984577239654,4.329595016133288,0.5573682908810493,0.09376637655390883,0.007697399427384974,0.0009152712300419807,0.5573385082271352,48.0,25.0,0.24048185348510742,,,3.0,2019-09-30..2019-12-05
E_walkforward,Equal Weight,-1,0.4496672064495659,1.7450409031878944,0.4239995932020917,0.18899704059283112,0.016944402422850297,0.0,0.4239995932020917,48.0,,,,,4.0,2020-09-11..2020-11-17
E_walkforward,PennyLane QDPG,68,0.11008411286229691,0.29159349636024395,0.08471957792409879,0.21487929245082857,0.019873409877739716,0.9789830297231674,0.06273131662043196,48.0,25.0,12.138321876525879,,,4.0,2020-09-11..2020-11-17
E_walkforward,Classical DDPG,68,0.3855619574180118,1.5509174800463743,0.3624320483861918,0.18345059899307353,0.01649690528139769,0.0004289895296096802,0.3624198378039354,48.0,19.0,0.18175578117370605,,,4.0,2020-09-11..2020-11-17
E_walkforward,Equal Weight,-1,0.07711283786586298,0.29236355481057497,0.07047050250149467,0.11114615077722885,0.01174471458828845,0.0,0.07047050250149467,48.0,,,,,5.0,2021-08-25..2021-11-01
E_walkforward,PennyLane QDPG,68,0.0399790672270286,-0.01454414506741907,0.023644206411583824,0.17851610466832754,0.017167727396662457,0.9906509390566498,0.0024774189974090532,48.0,25.0,12.890509128570557,,,5.0,2021-08-25..2021-11-01
E_walkforward,Classical DDPG,68,,,,,,0.0,,48.0,4.0,0.24241304397583008,,,5.0,2021-08-25..2021-11-01
E_walkforward,Equal Weight,-1,-0.5159641294216046,-3.519608910204265,-0.5273566571570977,0.21773791033022516,0.02313447175784179,0.0,-0.5273566571570977,48.0,,,,,6.0,2022-08-09..2022-10-14
E_walkforward,PennyLane QDPG,68,-0.449101526153453,-2.4771730920040285,-0.4671865743625734,0.2572689720559598,0.03221911037667361,0.727844825014472,-0.4752534047503886,48.0,25.0,13.976477861404419,,,6.0,2022-08-09..2022-10-14
E_walkforward,Classical DDPG,68,,,,,,0.0,,48.0,4.0,0.23885393142700195,,,6.0,2022-08-09..2022-10-14
E_walkforward,Equal Weight,-1,-0.35627095067458403,-4.200891743070896,-0.3605044520403259,0.11471188616790988,0.012846281327455722,0.0,-0.3605044520403259,48.0,,,,,7.0,2023-07-25..2023-09-29
E_walkforward,PennyLane QDPG,68,-0.1218073665782542,-1.2394012605697422,-0.13020400568261858,0.13849890407792756,0.013535002563843284,1.2822343427687883,-0.1534771936360454,48.0,25.0,12.257889032363892,,,7.0,2023-07-25..2023-09-29
E_walkforward,Classical DDPG,68,-0.2296563669477124,-2.410001800081741,-0.23572554862965778,0.1255531494559833,0.015014699315603603,0.019588878378272057,-0.2360407781061823,48.0,12.0,0.11539793014526367,,,7.0,2023-07-25..2023-09-29
E_walkforward,Equal Weight,-1,0.23287992263073254,1.0249659235352024,0.21644257804693967,0.16355638012534918,0.018690841543904067,0.0,0.21644257804693967,48.0,,,,,8.0,2024-07-09..2024-09-13
E_walkforward,PennyLane QDPG,68,0.3501293244646013,1.5895881424793026,0.33240239246089187,0.16267050500579183,0.016410983561952405,1.1993068708106875,0.29926930010520514,48.0,25.0,12.771317958831787,,,8.0,2024-07-09..2024-09-13
E_walkforward,Classical DDPG,68,0.23171047314280835,1.0972898709637986,0.21754205250953884,0.15191056190770505,0.016338785922543644,0.001871742308139801,0.21749413278530905,48.0,6.0,0.057788848876953125,,,8.0,2024-07-09..2024-09-13
E_walkforward,Equal Weight,-1,0.5217422927810038,3.3841485619814686,0.5123031511338194,0.11181705902244236,0.007782195348455712,0.0,0.5123031511338194,48.0,,,,,9.0,2025-06-24..2025-08-29
E_walkforward,PennyLane QDPG,68,0.2590046605918084,0.8402280825569075,0.22760241925817937,0.22449458993122443,0.023621796135335667,0.8673422250431031,0.20560280526596042,48.0,25.0,13.493077993392944,,,9.0,2025-06-24..2025-08-29
E_walkforward,Classical DDPG,68,0.44108424126338575,3.1508236019654365,0.4335212603987364,0.10278598181855776,0.007847176621123577,0.0009362921118736267,0.43349326190281223,48.0,25.0,0.2768402099609375,,,9.0,2025-06-24..2025-08-29
