model,seed,sharpe,ann_return,profit_pa,var_5,turnover,epochs,runtime_s
Classical DDPG,68,3.1508236019654365,0.4335212603987364,0.44108424126338575,0.007847176621123577,0.0009362921118736267,25,0.5356340408325195
Classical DDPG,1,2.061236815935825,0.2845031767848307,0.2914287455580573,0.009871629986325667,0.0024619372561573982,25,0.4142158031463623
Classical DDPG,2,3.0549168026387226,0.4120890342825969,0.419286518621381,0.00785751225865643,0.010660188272595406,13,0.2112419605255127
Classical DDPG,3,3.390679673294541,0.51410181401337,0.5235758090229115,0.007622304334734002,6.77257776260376e-06,25,0.4116401672363281
Classical DDPG,4,3.5278224370740623,0.8645064385752721,0.8911867310052037,0.011865993631450078,0.016577223315835,11,0.1808321475982666
Classical Deep Q-Learning,68,-0.974783230121115,-0.14618973935308888,-0.13114755464552097,0.017691571304619548,0.08570733852684498,6,0.17931199073791504
Classical Deep Q-Learning,1,3.1283839391739345,1.901367811242638,2.076908832592751,0.023089042230917768,0.05632321396842599,6,0.1718308925628662
Classical Deep Q-Learning,2,1.0021266906410378,0.3938251420022365,0.481978576877129,0.026892577172952854,0.007040046155452728,13,0.3620469570159912
Classical Deep Q-Learning,3,3.0222565485535764,0.8649686186679084,0.9020030373945784,0.016657310252501063,0.11532283900305629,10,0.2673790454864502
Classical Deep Q-Learning,4,-0.8436044519589894,-0.16461484422576045,-0.14194806811978133,0.023043514822022368,0.015409588813781738,25,0.7383010387420654
PennyLane QDPG,68,0.8402280825569075,0.22760241925817937,0.2590046605918084,0.023621796135335667,0.8673422250431031,25,34.02902388572693
PennyLane QDPG,1,5.002301873171742,2.8655233000369713,3.0071933471116443,0.018638401576766366,1.8192294728942215,9,5.101469993591309
PennyLane QDPG,2,2.3646278439166197,0.6943872185558102,0.7335505687021793,0.014744180576914179,0.7934754323214293,25,46.072701930999756
PennyLane QDPG,3,4.0192058365824055,1.2127999060109182,1.2535379390700987,0.012725223230477787,0.8889863833901472,25,41.705514907836914
PennyLane QDPG,4,3.7558757247152683,2.8832177589903263,3.141721911228119,0.015207197967064047,1.0259242518804967,6,5.05012583732605
PennyLane Quantum Q-Learning,68,0.9400999432952523,0.25332746919152327,0.2847003508893602,0.023142194468695233,0.8546060882508755,25,57.205939054489136
PennyLane Quantum Q-Learning,1,2.749419544899918,1.077395922641486,1.1498042221401668,0.022880193346339596,1.7311472543515265,15,23.01789402961731
PennyLane Quantum Q-Learning,2,2.384028586574481,0.6962701583879263,0.7349554851301472,0.014688581643888223,0.7541957539506257,25,69.4850549697876
PennyLane Quantum Q-Learning,3,4.124441857697919,1.2593443973189098,1.3009756939847898,0.012963452446290057,0.8586338805034757,25,69.62255597114563
PennyLane Quantum Q-Learning,4,3.734582799848858,2.9303441876510186,3.2003720978379153,0.015605107312434124,1.0439125781995244,8,12.6300630569458
