run_date,config,log,model,runtime_s,spo_profit_pct,spo_profit_pct_iqr,spo_profit_pct_min,spo_profit_pct_max,spo_sharpe,spo_sharpe_iqr,spo_sharpe_min,spo_sharpe_max,dpo_profit_pct,dpo_profit_pct_iqr,dpo_profit_pct_min,dpo_profit_pct_max,dpo_sharpe,dpo_sharpe_iqr,dpo_sharpe_min,dpo_sharpe_max
2026-06-12,as_released,2026-06-12_as_released_all_models.log,Equal Weights,0.0,10.0269,8.2797,0.0411,16.326,0.457,0.576,-0.3154,1.452,,,,,,,,
2026-06-12,as_released,2026-06-12_as_released_all_models.log,Mean-Variance Optimization,0.64,22.6841,24.2724,-23.7032,67.5641,0.5575,0.4074,-1.0736,1.6669,21.1784,17.8618,-14.0274,65.3099,0.5033,0.4457,-0.8258,1.4436
2026-06-12,as_released,2026-06-12_as_released_all_models.log,DDPG,99.25999999999999,11.5882,9.3345,0.4088,24.9993,0.5523,0.6369,-0.2859,1.9927,11.5868,9.3324,0.4117,24.9879,0.5525,0.6369,-0.2857,1.9936
2026-06-12,as_released,2026-06-12_as_released_all_models.log,QDPG,5814.69,6.1765,7.565,-12.6663,18.8656,0.1011,0.4816,-0.7938,0.5943,-2.3483,20.4776,-22.0137,26.9893,-0.3998,1.0437,-1.4307,0.8302
2026-06-12,as_released,2026-06-12_as_released_all_models.log,Deep Q-Learning,30.54,14.4716,21.6571,-13.8202,41.98,0.5046,1.2767,-1.0296,1.3833,14.9912,21.4873,-16.5709,47.6145,0.4943,1.2692,-1.2112,1.4386
2026-06-12,as_released,2026-06-12_as_released_all_models.log,Quantum Q-Learning,13886.05,8.4782,10.0503,-28.8659,44.0848,0.1587,0.5671,-1.4259,1.1324,-1.0389,16.2936,-19.7091,25.8563,-0.2673,1.0506,-1.2852,0.9332
2026-10-05,as_released,2026-10-05_as_released_fast_models.log,Equal Weights,0.0,10.0269,8.2797,0.0411,16.326,0.457,0.576,-0.3154,1.452,,,,,,,,
2026-10-05,as_released,2026-10-05_as_released_fast_models.log,Mean-Variance Optimization,0.74,22.6841,24.2724,-23.7032,67.5641,0.5575,0.4074,-1.0736,1.6669,21.1784,17.8618,-14.0274,65.3099,0.5033,0.4457,-0.8258,1.4436
2026-10-05,as_released,2026-10-05_as_released_fast_models.log,DDPG,129.74,11.5882,9.3345,0.4088,24.9993,0.5523,0.6369,-0.2859,1.9927,11.5868,9.3324,0.4117,24.9879,0.5525,0.6369,-0.2857,1.9936
2026-10-05,as_released,2026-10-05_as_released_fast_models.log,Deep Q-Learning,40.4,14.4716,21.6571,-13.8202,41.98,0.5046,1.2767,-1.0296,1.3833,14.9912,21.4873,-16.5709,47.6145,0.4943,1.2692,-1.2112,1.4386
2026-10-05,paper_config,2026-10-05_paper_config_ddpg_dql.log,DDPG,190.31,17.1009,11.0201,4.9132,35.8803,0.7705,0.6396,0.0498,2.252,17.0671,10.9712,4.9128,35.696,0.7708,0.6368,0.0498,2.2579
2026-10-05,paper_config,2026-10-05_paper_config_ddpg_dql.log,Deep Q-Learning,16.4,22.03,13.2224,2.2713,57.6559,0.8056,0.5214,-0.1113,2.1049,19.4837,17.4851,-6.8715,56.3933,0.6184,0.9272,-0.532,2.0246
